{
    "jamesk29": {
        "accuracy": "100.00",
        "bags_checked": 0,
        "bags_correct": 0,
        "last_session": "30/09/2022 | 21:49:31",
        "name": "James Kilmer",
        "password": "b'$2b$12$lS621TyzOG.42OU6fUyTLOOl2cgCjfuhFhI9gGNZq2M4kDPvB1qle'"
    },
    "joshh4993": {
        "accuracy": "20.00",
        "bags_checked": 5,
        "bags_correct": 1,
        "last_session": "03/10/2022 | 11:00:53",
        "name": "Josh Edwards",
        "password": "b'$2b$12$F7.A8NUJYo88RF54X6nyhuvBfomewxSjgu8rRwRbH0xfkGlTQxBOW'"
    },
    "maryk09": {
        "accuracy": "100.00",
        "bags_checked": 1,
        "bags_correct": 1,
        "last_session": "30/09/2022 | 21:56:07",
        "name": "Mary Clark",
        "password": "b'$2b$12$lS621TyzOG.42OU6fUyTLOOl2cgCjfuhFhI9gGNZq2M4kDPvB1qle'"
    }
}