{"A1": {"item_cost": 0.5, "item_brand_name": "Walkers - Prawn Cocktail", "item_type": "Crisps", "item_amount": 6}, "A2": {"item_cost": 0.5, "item_brand_name": "Walkers - Ready Salted", "item_type": "Crisps", "item_amount": 8}, "B1": {"item_cost": 0.75, "item_brand_name": "Wispa", "item_type": "Chocolate", "item_amount": 8}, "B2": {"item_cost": 0.8, "item_brand_name": "Snickers", "item_type": "Chocolate", "item_amount": 7}, "C1": {"item_cost": 0.4, "item_brand_name": "Skittles", "item_type": "Sweets", "item_amount": 12}, "C2": {"item_cost": 0.6, "item_brand_name": "Starbursts", "item_type": "Sweets", "item_amount": 10}, "D1": {"item_cost": 1.2, "item_brand_name": "Chicken Mayo", "item_type": "Sandwich", "item_amount": 1}, "D2": {"item_cost": 1.4, "item_brand_name": "Ham & Cheese", "item_type": "Sandwich", "item_amount": 4}, "E1": {"item_cost": 0.95, "item_brand_name": "Coca-Cola", "item_type": "Drink", "item_amount": 6}, "E2": {"item_cost": 1.95, "item_brand_name": "Lucozade", "item_type": "Drink", "item_amount": 4}}